Index,Electrolyte,Cathode,Difference in TEC,Average TEC
0,Li1Nb1S2,Li2Ni1O3,0.177743939,0.500052984
1,Cs2Li1Nb1S4,Li2Ni1O3,0.013275182,0.582287362
2,Al1Li1S2,Li2Ni1O3,0.100405939,0.639127923
3,Li2S3Te1,Li2Ni1O3,0.264028805,0.720939356
4,F3La2Li1O8S2,Li2Ni1O3,0.001192392,0.588328757
5,B2Li2S5,Li2Ni1O3,0.079618504,0.549115701
6,Au1Li1O14S4,Li2Ni1O3,0.038570425,0.569639741
7,Cr1Li1S2,Li2Ni1O3,0.067727288,0.555061309
8,Er1Li1S2,Li2Ni1O3,0.148966344,0.663408125
9,F1Li1O3S1,Li2Ni1O3,0.073345336,0.625597621
10,Li1S2Ti1,Li2Ni1O3,0.073901807,0.55197405
11,Ho1Li1S2,Li2Ni1O3,0.07810699,0.627978448
12,Dy1Li1S2,Li2Ni1O3,0.055067436,0.616458671
13,Li1S2Y1,Li2Ni1O3,0.024730022,0.576559942
14,Cs2Li1S4V1,Li2Ni1O3,0.014222465,0.596036186
15,B1Li3S3,Li2Ni1O3,0.127946123,0.652898015
16,B1Cs1Li2S3,Li2Ni1O3,0.071041744,0.624445825
17,Li1Rb2S4V1,Li2Ni1O3,0.004109486,0.590979696
18,Li2S3U1,Li2Ni1O3,0.008362167,0.58474387
19,Cd1Ge1Li2S4,Li2Ni1O3,0.16293223,0.670391068
20,Cs1Li1O4S1,Li2Ni1O3,0.059393812,0.618621859
21,Li3P1S4,Li2Ni1O3,0.221364671,0.699607289
22,Li1Rb2S4Ta1,Li2Ni1O3,0.062394186,0.55772786
23,K1Li1S1,Li2Ni1O3,0.87357526,1.025712583
24,B3Ba1Li1S6,Li2Ni1O3,0.060161363,0.558844271
25,B1Ba1Li1S3,Li2Ni1O3,0.001171428,0.588339239
26,H1Li1O4S1,Li2Ni1O3,0.028777038,0.574536434
27,Eu1Ge1Li2S4,Li2Ni1O3,0.12011716,0.648983533
28,I1Li6P1S5,Li2Ni1O3,0.629228937,0.903539422
29,Li1P1S4Zn1,Li2Ni1O3,0.129991808,0.653920857
30,Li1Nb1Rb2S4,Li2Ni1O3,0.031339471,0.573255218
31,As1Li1S2,Li2Ni1O3,0.177605047,0.677727477
32,Li1Rb1S1,Li2Ni1O3,0.921929076,1.049889491
33,Li1O4Rb1S1,Li2Ni1O3,0.052013694,0.6149318
34,Ge1Li2Pb1S4,Li2Ni1O3,0.173438394,0.67564415
35,Au1Li3S2,Li2Ni1O3,0.699725937,0.938787922
36,F1Li1Ni1O4S1,Li2Ni1O3,0.012026148,0.594938027
37,As1Li3S3,Li2Ni1O3,0.345371251,0.761610579
38,Au1Li1S1,Li2Ni1O3,0.506072994,0.84196145
39,Li1Na1S1,Li2Ni1O3,0.744944321,0.961397114
40,F1Li1O4S1Zn1,Li2Ni1O3,0.071702072,0.624775989
41,H2Li2O5S1,Li2Ni1O3,0.038481866,0.608165886
42,As1Eu1Li1S3,Li2Ni1O3,0.12402568,0.650937793
43,H1Li1S1,Li2Ni1O3,0.462214826,0.820032366
44,Li1S6Ti3,Li2Ni1O3,0.096739318,0.540555294
45,Li9N1S3,Li2Ni1O3,0.526531861,0.852190884
46,K1Li1O4S1,Li2Ni1O3,0.035623384,0.606736645
47,Li1Mo1S2,Li2Ni1O3,0.151947767,0.51295107
48,F1Fe1Li1O4S1,Li2Ni1O3,0.01900632,0.579421793
49,Li7P3S11,Li2Ni1O3,0.182774971,0.680312439
50,Li1S2V1,Li2Ni1O3,0.105871474,0.535989216
51,Cs1H4Li1O5S1,Li2Ni1O3,0.249852554,0.71385123
52,Ga2Ge1Li2S6,Li2Ni1O3,0.117650707,0.647750307
53,Li1O5S2Ti2Y2,Li2Ni1O3,0.17444485,0.501702528
54,H4K1Li1N2O6S2,Li2Ni1O3,0.013333286,0.595591596
55,Cs1H4Li1N2O6S2,Li2Ni1O3,0.048593801,0.613221854
56,Li2O4S1,Li2Ni1O3,0.021742542,0.578053682
57,Li2S1,Li2Ni1O3,0.582576186,0.880213046
58,H5Li1N2O4S1,Li2Ni1O3,0.321496262,0.749673084
59,Li2O5S2Ti2Y2,Li2Ni1O3,0.160930293,0.508459807
60,C1F3Li1O3S1,Li2Ni1O3,0.003437656,0.587206125
61,Eu1Li1O8S2,Li2Ni1O3,0.104919357,0.536465275
62,Li1S1,Li2Ni1O3,1.003795544,1.090822725
63,Li1Nb1S2,Li2Ni1O2,0.315740292,0.56905116
64,Cs2Li1Nb1S4,Li2Ni1O2,0.151271535,0.651285539
65,Al1Li1S2,Li2Ni1O2,0.037590414,0.708126099
66,Li2S3Te1,Li2Ni1O2,0.126032452,0.789937532
67,F3La2Li1O8S2,Li2Ni1O2,0.139188745,0.657326934
68,B2Li2S5,Li2Ni1O2,0.217614857,0.618113878
69,Au1Li1O14S4,Li2Ni1O2,0.176566778,0.638637917
70,Cr1Li1S2,Li2Ni1O2,0.205723641,0.624059486
71,Er1Li1S2,Li2Ni1O2,0.010969991,0.732406302
72,F1Li1O3S1,Li2Ni1O2,0.064651017,0.694595798
73,Li1S2Ti1,Li2Ni1O2,0.21189816,0.620972226
74,Ho1Li1S2,Li2Ni1O2,0.059889363,0.696976625
75,Dy1Li1S2,Li2Ni1O2,0.082928917,0.685456848
76,Li1S2Y1,Li2Ni1O2,0.162726375,0.645558119
77,Cs2Li1S4V1,Li2Ni1O2,0.123773888,0.665034362
78,B1Li3S3,Li2Ni1O2,0.01005023,0.721896191
79,B1Cs1Li2S3,Li2Ni1O2,0.066954609,0.693444002
80,Li1Rb2S4V1,Li2Ni1O2,0.133886867,0.659977873
81,Li2S3U1,Li2Ni1O2,0.14635852,0.653742046
82,Cd1Ge1Li2S4,Li2Ni1O2,0.024935877,0.739389245
83,Cs1Li1O4S1,Li2Ni1O2,0.078602541,0.687620036
84,Li3P1S4,Li2Ni1O2,0.083368318,0.768605465
85,Li1Rb2S4Ta1,Li2Ni1O2,0.200390539,0.626726037
86,K1Li1S1,Li2Ni1O2,0.735578907,1.09471076
87,B3Ba1Li1S6,Li2Ni1O2,0.198157716,0.627842448
88,B1Ba1Li1S3,Li2Ni1O2,0.139167781,0.657337416
89,H1Li1O4S1,Li2Ni1O2,0.166773391,0.643534611
90,Eu1Ge1Li2S4,Li2Ni1O2,0.017879193,0.71798171
91,I1Li6P1S5,Li2Ni1O2,0.491232584,0.972537598
92,Li1P1S4Zn1,Li2Ni1O2,0.008004545,0.722919034
93,Li1Nb1Rb2S4,Li2Ni1O2,0.169335824,0.642253394
94,As1Li1S2,Li2Ni1O2,0.039608694,0.746725653
95,Li1Rb1S1,Li2Ni1O2,0.783932723,1.118887668
96,Li1O4Rb1S1,Li2Ni1O2,0.085982659,0.683929977
97,Ge1Li2Pb1S4,Li2Ni1O2,0.035442041,0.744642327
98,Au1Li3S2,Li2Ni1O2,0.561729584,1.007786098
99,F1Li1Ni1O4S1,Li2Ni1O2,0.125970205,0.663936204
100,As1Li3S3,Li2Ni1O2,0.207374898,0.830608755
101,Au1Li1S1,Li2Ni1O2,0.368076641,0.910959627
102,Li1Na1S1,Li2Ni1O2,0.606947968,1.03039529
103,F1Li1O4S1Zn1,Li2Ni1O2,0.066294281,0.693774166
104,H2Li2O5S1,Li2Ni1O2,0.099514487,0.677164062
105,As1Eu1Li1S3,Li2Ni1O2,0.013970673,0.71993597
106,H1Li1S1,Li2Ni1O2,0.324218473,0.889030543
107,Li1S6Ti3,Li2Ni1O2,0.234735671,0.609553471
108,Li9N1S3,Li2Ni1O2,0.388535508,0.92118906
109,K1Li1O4S1,Li2Ni1O2,0.102372969,0.675734822
110,Li1Mo1S2,Li2Ni1O2,0.28994412,0.581949246
111,F1Fe1Li1O4S1,Li2Ni1O2,0.157002673,0.64841997
112,Li7P3S11,Li2Ni1O2,0.044778618,0.749310615
113,Li1S2V1,Li2Ni1O2,0.243867827,0.604987393
114,Cs1H4Li1O5S1,Li2Ni1O2,0.111856201,0.782849407
115,Ga2Ge1Li2S6,Li2Ni1O2,0.020345646,0.716748483
116,Li1O5S2Ti2Y2,Li2Ni1O2,0.312441203,0.570700705
117,H4K1Li1N2O6S2,Li2Ni1O2,0.124663067,0.664589773
118,Cs1H4Li1N2O6S2,Li2Ni1O2,0.089402552,0.68222003
119,Li2O4S1,Li2Ni1O2,0.159738895,0.647051859
120,Li2S1,Li2Ni1O2,0.444579833,0.949211223
121,H5Li1N2O4S1,Li2Ni1O2,0.183499909,0.81867126
122,Li2O5S2Ti2Y2,Li2Ni1O2,0.298926646,0.577457983
123,C1F3Li1O3S1,Li2Ni1O2,0.141434009,0.656204302
124,Eu1Li1O8S2,Li2Ni1O2,0.24291571,0.605463451
125,Li1S1,Li2Ni1O2,0.865799191,1.159820902
126,Li1Nb1S2,Li1Ni1O2,0.156257832,0.48930993
127,Cs2Li1Nb1S4,Li1Ni1O2,0.008210925,0.571544309
128,Al1Li1S2,Li1Ni1O2,0.121892046,0.628384869
129,Li2S3Te1,Li1Ni1O2,0.285514912,0.710196302
130,F3La2Li1O8S2,Li1Ni1O2,0.020293715,0.577585704
131,B2Li2S5,Li1Ni1O2,0.058132397,0.538372648
132,Au1Li1O14S4,Li1Ni1O2,0.017084318,0.558896687
133,Cr1Li1S2,Li1Ni1O2,0.046241181,0.544318256
134,Er1Li1S2,Li1Ni1O2,0.170452451,0.652665072
135,F1Li1O3S1,Li1Ni1O2,0.094831443,0.614854568
136,Li1S2Ti1,Li1Ni1O2,0.0524157,0.541230996
137,Ho1Li1S2,Li1Ni1O2,0.099593097,0.617235395
138,Dy1Li1S2,Li1Ni1O2,0.076553543,0.605715618
139,Li1S2Y1,Li1Ni1O2,0.003243915,0.565816889
140,Cs2Li1S4V1,Li1Ni1O2,0.035708572,0.585293132
141,B1Li3S3,Li1Ni1O2,0.14943223,0.642154961
142,B1Cs1Li2S3,Li1Ni1O2,0.092527851,0.613702772
143,Li1Rb2S4V1,Li1Ni1O2,0.025595593,0.580236643
144,Li2S3U1,Li1Ni1O2,0.01312394,0.574000816
145,Cd1Ge1Li2S4,Li1Ni1O2,0.184418337,0.659648015
146,Cs1Li1O4S1,Li1Ni1O2,0.080879919,0.607878806
147,Li3P1S4,Li1Ni1O2,0.242850778,0.688864235
148,Li1Rb2S4Ta1,Li1Ni1O2,0.040908079,0.546984807
149,K1Li1S1,Li1Ni1O2,0.895061367,1.01496953
150,B3Ba1Li1S6,Li1Ni1O2,0.038675256,0.548101218
151,B1Ba1Li1S3,Li1Ni1O2,0.020314679,0.577596186
152,H1Li1O4S1,Li1Ni1O2,0.007290931,0.563793381
153,Eu1Ge1Li2S4,Li1Ni1O2,0.141603267,0.63824048
154,I1Li6P1S5,Li1Ni1O2,0.650715044,0.892796368
155,Li1P1S4Zn1,Li1Ni1O2,0.151477915,0.643177804
156,Li1Nb1Rb2S4,Li1Ni1O2,0.009853364,0.562512164
157,As1Li1S2,Li1Ni1O2,0.199091154,0.666984423
158,Li1Rb1S1,Li1Ni1O2,0.943415183,1.039146438
159,Li1O4Rb1S1,Li1Ni1O2,0.073499801,0.604188747
160,Ge1Li2Pb1S4,Li1Ni1O2,0.194924501,0.664901097
161,Au1Li3S2,Li1Ni1O2,0.721212044,0.928044868
162,F1Li1Ni1O4S1,Li1Ni1O2,0.033512255,0.584194974
163,As1Li3S3,Li1Ni1O2,0.366857358,0.750867525
164,Au1Li1S1,Li1Ni1O2,0.527559101,0.831218397
165,Li1Na1S1,Li1Ni1O2,0.766430428,0.95065406
166,F1Li1O4S1Zn1,Li1Ni1O2,0.093188179,0.614032936
167,H2Li2O5S1,Li1Ni1O2,0.059967973,0.597422833
168,As1Eu1Li1S3,Li1Ni1O2,0.145511787,0.64019474
169,H1Li1S1,Li1Ni1O2,0.483700933,0.809289313
170,Li1S6Ti3,Li1Ni1O2,0.075253211,0.529812241
171,Li9N1S3,Li1Ni1O2,0.548017968,0.84144783
172,K1Li1O4S1,Li1Ni1O2,0.057109491,0.595993592
173,Li1Mo1S2,Li1Ni1O2,0.13046166,0.502208016
174,F1Fe1Li1O4S1,Li1Ni1O2,0.002479787,0.56867874
175,Li7P3S11,Li1Ni1O2,0.204261078,0.669569385
176,Li1S2V1,Li1Ni1O2,0.084385367,0.525246163
177,Cs1H4Li1O5S1,Li1Ni1O2,0.271338661,0.703108177
178,Ga2Ge1Li2S6,Li1Ni1O2,0.139136814,0.637007253
179,Li1O5S2Ti2Y2,Li1Ni1O2,0.152958743,0.490959475
180,H4K1Li1N2O6S2,Li1Ni1O2,0.034819393,0.584848543
181,Cs1H4Li1N2O6S2,Li1Ni1O2,0.070079908,0.6024788
182,Li2O4S1,Li1Ni1O2,0.000256435,0.567310629
183,Li2S1,Li1Ni1O2,0.604062293,0.869469993
184,H5Li1N2O4S1,Li1Ni1O2,0.342982369,0.738930031
185,Li2O5S2Ti2Y2,Li1Ni1O2,0.139444186,0.497716753
186,C1F3Li1O3S1,Li1Ni1O2,0.018048451,0.576463072
187,Eu1Li1O8S2,Li1Ni1O2,0.08343325,0.525722221
188,Li1S1,Li1Ni1O2,1.025281651,1.080079672
189,Li1Nb1S2,Li2Mn2Ni1O6,0.106001149,0.464181589
190,Cs2Li1Nb1S4,Li2Mn2Ni1O6,0.058467608,0.546415967
191,Al1Li1S2,Li2Mn2Ni1O6,0.172148729,0.603256527
192,Li2S3Te1,Li2Mn2Ni1O6,0.335771595,0.685067961
193,F3La2Li1O8S2,Li2Mn2Ni1O6,0.070550398,0.552457362
194,B2Li2S5,Li2Mn2Ni1O6,0.007875714,0.513244306
195,Au1Li1O14S4,Li2Mn2Ni1O6,0.033172365,0.533768346
196,Cr1Li1S2,Li2Mn2Ni1O6,0.004015502,0.519189914
197,Er1Li1S2,Li2Mn2Ni1O6,0.220709134,0.62753673
198,F1Li1O3S1,Li2Mn2Ni1O6,0.145088126,0.589726226
199,Li1S2Ti1,Li2Mn2Ni1O6,0.002159017,0.516102655
200,Ho1Li1S2,Li2Mn2Ni1O6,0.14984978,0.592107053
201,Dy1Li1S2,Li2Mn2Ni1O6,0.126810226,0.580587276
202,Li1S2Y1,Li2Mn2Ni1O6,0.047012768,0.540688547
203,Cs2Li1S4V1,Li2Mn2Ni1O6,0.085965255,0.560164791
204,B1Li3S3,Li2Mn2Ni1O6,0.199688913,0.61702662
205,B1Cs1Li2S3,Li2Mn2Ni1O6,0.142784534,0.58857443
206,Li1Rb2S4V1,Li2Mn2Ni1O6,0.075852276,0.555108301
207,Li2S3U1,Li2Mn2Ni1O6,0.063380623,0.548872475
208,Cd1Ge1Li2S4,Li2Mn2Ni1O6,0.23467502,0.634519673
209,Cs1Li1O4S1,Li2Mn2Ni1O6,0.131136602,0.582750464
210,Li3P1S4,Li2Mn2Ni1O6,0.293107461,0.663735894
211,Li1Rb2S4Ta1,Li2Mn2Ni1O6,0.009348604,0.521856465
212,K1Li1S1,Li2Mn2Ni1O6,0.94531805,0.989841188
213,B3Ba1Li1S6,Li2Mn2Ni1O6,0.011581427,0.522972876
214,B1Ba1Li1S3,Li2Mn2Ni1O6,0.070571362,0.552467844
215,H1Li1O4S1,Li2Mn2Ni1O6,0.042965752,0.538665039
216,Eu1Ge1Li2S4,Li2Mn2Ni1O6,0.19185995,0.613112138
217,I1Li6P1S5,Li2Mn2Ni1O6,0.700971727,0.867668027
218,Li1P1S4Zn1,Li2Mn2Ni1O6,0.201734598,0.618049462
219,Li1Nb1Rb2S4,Li2Mn2Ni1O6,0.040403319,0.537383823
220,As1Li1S2,Li2Mn2Ni1O6,0.249347837,0.641856082
221,Li1Rb1S1,Li2Mn2Ni1O6,0.993671866,1.014018096
222,Li1O4Rb1S1,Li2Mn2Ni1O6,0.123756484,0.579060405
223,Ge1Li2Pb1S4,Li2Mn2Ni1O6,0.245181184,0.639772755
224,Au1Li3S2,Li2Mn2Ni1O6,0.771468727,0.902916527
225,F1Li1Ni1O4S1,Li2Mn2Ni1O6,0.083768938,0.559066632
226,As1Li3S3,Li2Mn2Ni1O6,0.417114041,0.725739184
227,Au1Li1S1,Li2Mn2Ni1O6,0.577815784,0.806090055
228,Li1Na1S1,Li2Mn2Ni1O6,0.816687111,0.925525719
229,F1Li1O4S1Zn1,Li2Mn2Ni1O6,0.143444862,0.588904594
230,H2Li2O5S1,Li2Mn2Ni1O6,0.110224656,0.572294491
231,As1Eu1Li1S3,Li2Mn2Ni1O6,0.19576847,0.615066398
232,H1Li1S1,Li2Mn2Ni1O6,0.533957616,0.784160971
233,Li1S6Ti3,Li2Mn2Ni1O6,0.024996528,0.504683899
234,Li9N1S3,Li2Mn2Ni1O6,0.598274651,0.816319489
235,K1Li1O4S1,Li2Mn2Ni1O6,0.107366174,0.57086525
236,Li1Mo1S2,Li2Mn2Ni1O6,0.080204977,0.477079675
237,F1Fe1Li1O4S1,Li2Mn2Ni1O6,0.05273647,0.543550398
238,Li7P3S11,Li2Mn2Ni1O6,0.254517761,0.644441044
239,Li1S2V1,Li2Mn2Ni1O6,0.034128684,0.500117821
240,Cs1H4Li1O5S1,Li2Mn2Ni1O6,0.321595344,0.677979835
241,Ga2Ge1Li2S6,Li2Mn2Ni1O6,0.189393497,0.611878912
242,Li1O5S2Ti2Y2,Li2Mn2Ni1O6,0.10270206,0.465831133
243,H4K1Li1N2O6S2,Li2Mn2Ni1O6,0.085076076,0.559720201
244,Cs1H4Li1N2O6S2,Li2Mn2Ni1O6,0.120336591,0.577350459
245,Li2O4S1,Li2Mn2Ni1O6,0.050000248,0.542182287
246,Li2S1,Li2Mn2Ni1O6,0.654318976,0.844341651
247,H5Li1N2O4S1,Li2Mn2Ni1O6,0.393239052,0.713801689
248,Li2O5S2Ti2Y2,Li2Mn2Ni1O6,0.089187503,0.472588411
249,C1F3Li1O3S1,Li2Mn2Ni1O6,0.068305134,0.55133473
250,Eu1Li1O8S2,Li2Mn2Ni1O6,0.033176567,0.50059388
251,Li1S1,Li2Mn2Ni1O6,1.075538334,1.05495133
252,Li1Nb1S2,Li2Mn1O3,0.143815794,0.483088911
253,Cs2Li1Nb1S4,Li2Mn1O3,0.020652963,0.56532329
254,Al1Li1S2,Li2Mn1O3,0.134334084,0.62216385
255,Li2S3Te1,Li2Mn1O3,0.29795695,0.703975283
256,F3La2Li1O8S2,Li2Mn1O3,0.032735753,0.571364685
257,B2Li2S5,Li2Mn1O3,0.045690359,0.532151629
258,Au1Li1O14S4,Li2Mn1O3,0.00464228,0.552675668
259,Cr1Li1S2,Li2Mn1O3,0.033799143,0.538097237
260,Er1Li1S2,Li2Mn1O3,0.182894489,0.646444052
261,F1Li1O3S1,Li2Mn1O3,0.107273481,0.608633549
262,Li1S2Ti1,Li2Mn1O3,0.039973662,0.535009977
263,Ho1Li1S2,Li2Mn1O3,0.112035135,0.611014375
264,Dy1Li1S2,Li2Mn1O3,0.088995581,0.599494599
265,Li1S2Y1,Li2Mn1O3,0.009198123,0.55959587
266,Cs2Li1S4V1,Li2Mn1O3,0.04815061,0.579072113
267,B1Li3S3,Li2Mn1O3,0.161874268,0.635933942
268,B1Cs1Li2S3,Li2Mn1O3,0.104969889,0.607481753
269,Li1Rb2S4V1,Li2Mn1O3,0.038037631,0.574015624
270,Li2S3U1,Li2Mn1O3,0.025565978,0.567779797
271,Cd1Ge1Li2S4,Li2Mn1O3,0.196860375,0.653426996
272,Cs1Li1O4S1,Li2Mn1O3,0.093321957,0.601657786
273,Li3P1S4,Li2Mn1O3,0.255292816,0.682643216
274,Li1Rb2S4Ta1,Li2Mn1O3,0.028466041,0.540763788
275,K1Li1S1,Li2Mn1O3,0.907503405,1.008748511
276,B3Ba1Li1S6,Li2Mn1O3,0.026233218,0.541880199
277,B1Ba1Li1S3,Li2Mn1O3,0.032756717,0.571375167
278,H1Li1O4S1,Li2Mn1O3,0.005151107,0.557572362
279,Eu1Ge1Li2S4,Li2Mn1O3,0.154045305,0.632019461
280,I1Li6P1S5,Li2Mn1O3,0.663157082,0.886575349
281,Li1P1S4Zn1,Li2Mn1O3,0.163919953,0.636956784
282,Li1Nb1Rb2S4,Li2Mn1O3,0.002588674,0.556291145
283,As1Li1S2,Li2Mn1O3,0.211533192,0.660763404
284,Li1Rb1S1,Li2Mn1O3,0.955857221,1.032925419
285,Li1O4Rb1S1,Li2Mn1O3,0.085941839,0.597967727
286,Ge1Li2Pb1S4,Li2Mn1O3,0.207366539,0.658680077
287,Au1Li3S2,Li2Mn1O3,0.733654082,0.921823849
288,F1Li1Ni1O4S1,Li2Mn1O3,0.045954293,0.577973955
289,As1Li3S3,Li2Mn1O3,0.379299396,0.744646506
290,Au1Li1S1,Li2Mn1O3,0.540001139,0.824997377
291,Li1Na1S1,Li2Mn1O3,0.778872466,0.944433041
292,F1Li1O4S1Zn1,Li2Mn1O3,0.105630217,0.607811917
293,H2Li2O5S1,Li2Mn1O3,0.072410011,0.591201813
294,As1Eu1Li1S3,Li2Mn1O3,0.157953825,0.633973721
295,H1Li1S1,Li2Mn1O3,0.496142971,0.803068294
296,Li1S6Ti3,Li2Mn1O3,0.062811173,0.523591222
297,Li9N1S3,Li2Mn1O3,0.560460006,0.835226811
298,K1Li1O4S1,Li2Mn1O3,0.069551529,0.589772573
299,Li1Mo1S2,Li2Mn1O3,0.118019622,0.495986997
300,F1Fe1Li1O4S1,Li2Mn1O3,0.014921825,0.562457721
301,Li7P3S11,Li2Mn1O3,0.216703116,0.663348366
302,Li1S2V1,Li2Mn1O3,0.071943329,0.519025144
303,Cs1H4Li1O5S1,Li2Mn1O3,0.283780699,0.696887158
304,Ga2Ge1Li2S6,Li2Mn1O3,0.151578852,0.630786234
305,Li1O5S2Ti2Y2,Li2Mn1O3,0.140516705,0.484738455
306,H4K1Li1N2O6S2,Li2Mn1O3,0.047261431,0.578627524
307,Cs1H4Li1N2O6S2,Li2Mn1O3,0.082521946,0.596257781
308,Li2O4S1,Li2Mn1O3,0.012185603,0.56108961
309,Li2S1,Li2Mn1O3,0.616504331,0.863248974
310,H5Li1N2O4S1,Li2Mn1O3,0.355424407,0.732709011
311,Li2O5S2Ti2Y2,Li2Mn1O3,0.127002148,0.491495734
312,C1F3Li1O3S1,Li2Mn1O3,0.030490489,0.570242053
313,Eu1Li1O8S2,Li2Mn1O3,0.070991212,0.519501202
314,Li1S1,Li2Mn1O3,1.037723689,1.073858653
315,Li1Nb1S2,Li1Mn1O2,0.136666364,0.479514196
316,Cs2Li1Nb1S4,Li1Mn1O2,0.027802393,0.561748575
317,Al1Li1S2,Li1Mn1O2,0.141483514,0.618589135
318,Li2S3Te1,Li1Mn1O2,0.30510638,0.700400568
319,F3La2Li1O8S2,Li1Mn1O2,0.039885183,0.56778997
320,B2Li2S5,Li1Mn1O2,0.038540929,0.528576914
321,Au1Li1O14S4,Li1Mn1O2,0.00250715,0.549100953
322,Cr1Li1S2,Li1Mn1O2,0.026649713,0.534522522
323,Er1Li1S2,Li1Mn1O2,0.190043919,0.642869338
324,F1Li1O3S1,Li1Mn1O2,0.114422911,0.605058834
325,Li1S2Ti1,Li1Mn1O2,0.032824232,0.531435262
326,Ho1Li1S2,Li1Mn1O2,0.119184565,0.607439661
327,Dy1Li1S2,Li1Mn1O2,0.096145011,0.595919884
328,Li1S2Y1,Li1Mn1O2,0.016347553,0.556021155
329,Cs2Li1S4V1,Li1Mn1O2,0.05530004,0.575497398
330,B1Li3S3,Li1Mn1O2,0.169023698,0.632359227
331,B1Cs1Li2S3,Li1Mn1O2,0.112119319,0.603907038
332,Li1Rb2S4V1,Li1Mn1O2,0.045187061,0.570440909
333,Li2S3U1,Li1Mn1O2,0.032715408,0.564205082
334,Cd1Ge1Li2S4,Li1Mn1O2,0.204009805,0.649852281
335,Cs1Li1O4S1,Li1Mn1O2,0.100471387,0.598083072
336,Li3P1S4,Li1Mn1O2,0.262442246,0.679068501
337,Li1Rb2S4Ta1,Li1Mn1O2,0.021316611,0.537189073
338,K1Li1S1,Li1Mn1O2,0.914652835,1.005173796
339,B3Ba1Li1S6,Li1Mn1O2,0.019083788,0.538305484
340,B1Ba1Li1S3,Li1Mn1O2,0.039906147,0.567800452
341,H1Li1O4S1,Li1Mn1O2,0.012300537,0.553997647
342,Eu1Ge1Li2S4,Li1Mn1O2,0.161194735,0.628444746
343,I1Li6P1S5,Li1Mn1O2,0.670306512,0.883000634
344,Li1P1S4Zn1,Li1Mn1O2,0.171069383,0.63338207
345,Li1Nb1Rb2S4,Li1Mn1O2,0.009738104,0.55271643
346,As1Li1S2,Li1Mn1O2,0.218682622,0.657188689
347,Li1Rb1S1,Li1Mn1O2,0.963006651,1.029350704
348,Li1O4Rb1S1,Li1Mn1O2,0.093091269,0.594393013
349,Ge1Li2Pb1S4,Li1Mn1O2,0.214515969,0.655105363
350,Au1Li3S2,Li1Mn1O2,0.740803512,0.918249134
351,F1Li1Ni1O4S1,Li1Mn1O2,0.053103723,0.57439924
352,As1Li3S3,Li1Mn1O2,0.386448826,0.741071791
353,Au1Li1S1,Li1Mn1O2,0.547150569,0.821422663
354,Li1Na1S1,Li1Mn1O2,0.786021896,0.940858326
355,F1Li1O4S1Zn1,Li1Mn1O2,0.112779647,0.604237202
356,H2Li2O5S1,Li1Mn1O2,0.079559441,0.587627099
357,As1Eu1Li1S3,Li1Mn1O2,0.165103255,0.630399005
358,H1Li1S1,Li1Mn1O2,0.503292401,0.799493579
359,Li1S6Ti3,Li1Mn1O2,0.055661743,0.520016507
360,Li9N1S3,Li1Mn1O2,0.567609436,0.831652096
361,K1Li1O4S1,Li1Mn1O2,0.076700959,0.586197858
362,Li1Mo1S2,Li1Mn1O2,0.110870192,0.492412282
363,F1Fe1Li1O4S1,Li1Mn1O2,0.022071255,0.558883006
364,Li7P3S11,Li1Mn1O2,0.223852546,0.659773651
365,Li1S2V1,Li1Mn1O2,0.064793899,0.515450429
366,Cs1H4Li1O5S1,Li1Mn1O2,0.290930129,0.693312443
367,Ga2Ge1Li2S6,Li1Mn1O2,0.158728282,0.627211519
368,Li1O5S2Ti2Y2,Li1Mn1O2,0.133367275,0.481163741
369,H4K1Li1N2O6S2,Li1Mn1O2,0.054410861,0.575052809
370,Cs1H4Li1N2O6S2,Li1Mn1O2,0.089671376,0.592683066
371,Li2O4S1,Li1Mn1O2,0.019335033,0.557514895
372,Li2S1,Li1Mn1O2,0.623653761,0.859674259
373,H5Li1N2O4S1,Li1Mn1O2,0.362573837,0.729134297
374,Li2O5S2Ti2Y2,Li1Mn1O2,0.119852718,0.487921019
375,C1F3Li1O3S1,Li1Mn1O2,0.037639919,0.566667338
376,Eu1Li1O8S2,Li1Mn1O2,0.063841782,0.515926487
377,Li1S1,Li1Mn1O2,1.044873119,1.070283938
378,Li1Nb1S2,Li2Mn1O2,0.304404817,0.563383423
379,Cs2Li1Nb1S4,Li2Mn1O2,0.13993606,0.645617801
380,Al1Li1S2,Li2Mn1O2,0.026254939,0.702458362
381,Li2S3Te1,Li2Mn1O2,0.137367927,0.784269794
382,F3La2Li1O8S2,Li2Mn1O2,0.12785327,0.651659196
383,B2Li2S5,Li2Mn1O2,0.206279382,0.61244614
384,Au1Li1O14S4,Li2Mn1O2,0.165231303,0.63297018
385,Cr1Li1S2,Li2Mn1O2,0.194388166,0.618391748
386,Er1Li1S2,Li2Mn1O2,0.022305466,0.726738564
387,F1Li1O3S1,Li2Mn1O2,0.053315542,0.68892806
388,Li1S2Ti1,Li2Mn1O2,0.200562685,0.615304489
389,Ho1Li1S2,Li2Mn1O2,0.048553888,0.691308887
390,Dy1Li1S2,Li2Mn1O2,0.071593442,0.67978911
391,Li1S2Y1,Li2Mn1O2,0.1513909,0.639890381
392,Cs2Li1S4V1,Li2Mn1O2,0.112438413,0.659366625
393,B1Li3S3,Li2Mn1O2,0.001285245,0.716228454
394,B1Cs1Li2S3,Li2Mn1O2,0.055619134,0.687776264
395,Li1Rb2S4V1,Li2Mn1O2,0.122551392,0.654310135
396,Li2S3U1,Li2Mn1O2,0.135023045,0.648074309
397,Cd1Ge1Li2S4,Li2Mn1O2,0.036271352,0.733721507
398,Cs1Li1O4S1,Li2Mn1O2,0.067267066,0.681952298
399,Li3P1S4,Li2Mn1O2,0.094703793,0.762937728
400,Li1Rb2S4Ta1,Li2Mn1O2,0.189055064,0.621058299
401,K1Li1S1,Li2Mn1O2,0.746914382,1.089043022
402,B3Ba1Li1S6,Li2Mn1O2,0.186822241,0.622174711
403,B1Ba1Li1S3,Li2Mn1O2,0.127832306,0.651669678
404,H1Li1O4S1,Li2Mn1O2,0.155437916,0.637866873
405,Eu1Ge1Li2S4,Li2Mn1O2,0.006543718,0.712313972
406,I1Li6P1S5,Li2Mn1O2,0.502568059,0.96686986
407,Li1P1S4Zn1,Li2Mn1O2,0.00333093,0.717251296
408,Li1Nb1Rb2S4,Li2Mn1O2,0.158000349,0.636585657
409,As1Li1S2,Li2Mn1O2,0.050944169,0.741057916
410,Li1Rb1S1,Li2Mn1O2,0.795268198,1.11321993
411,Li1O4Rb1S1,Li2Mn1O2,0.074647184,0.678262239
412,Ge1Li2Pb1S4,Li2Mn1O2,0.046777516,0.738974589
413,Au1Li3S2,Li2Mn1O2,0.573065059,1.002118361
414,F1Li1Ni1O4S1,Li2Mn1O2,0.11463473,0.658268466
415,As1Li3S3,Li2Mn1O2,0.218710373,0.824941018
416,Au1Li1S1,Li2Mn1O2,0.379412116,0.905291889
417,Li1Na1S1,Li2Mn1O2,0.618283443,1.024727553
418,F1Li1O4S1Zn1,Li2Mn1O2,0.054958806,0.688106428
419,H2Li2O5S1,Li2Mn1O2,0.088179012,0.671496325
420,As1Eu1Li1S3,Li2Mn1O2,0.002635198,0.714268232
421,H1Li1S1,Li2Mn1O2,0.335553948,0.883362805
422,Li1S6Ti3,Li2Mn1O2,0.223400196,0.603885733
423,Li9N1S3,Li2Mn1O2,0.399870983,0.915521323
424,K1Li1O4S1,Li2Mn1O2,0.091037494,0.670067084
425,Li1Mo1S2,Li2Mn1O2,0.278608645,0.576281508
426,F1Fe1Li1O4S1,Li2Mn1O2,0.145667198,0.642752232
427,Li7P3S11,Li2Mn1O2,0.056114093,0.743642877
428,Li1S2V1,Li2Mn1O2,0.232532352,0.599319655
429,Cs1H4Li1O5S1,Li2Mn1O2,0.123191676,0.777181669
430,Ga2Ge1Li2S6,Li2Mn1O2,0.009010171,0.711080746
431,Li1O5S2Ti2Y2,Li2Mn1O2,0.301105728,0.565032967
432,H4K1Li1N2O6S2,Li2Mn1O2,0.113327592,0.658922035
433,Cs1H4Li1N2O6S2,Li2Mn1O2,0.078067077,0.676552293
434,Li2O4S1,Li2Mn1O2,0.14840342,0.641384121
435,Li2S1,Li2Mn1O2,0.455915308,0.943543485
436,H5Li1N2O4S1,Li2Mn1O2,0.194835384,0.813003523
437,Li2O5S2Ti2Y2,Li2Mn1O2,0.287591171,0.571790246
438,C1F3Li1O3S1,Li2Mn1O2,0.130098534,0.650536564
439,Eu1Li1O8S2,Li2Mn1O2,0.231580235,0.599795713
440,Li1S1,Li2Mn1O2,0.877134666,1.154153164
441,Li1Nb1S2,Li2Mn2Ni1O6,0.106001149,0.464181589
442,Cs2Li1Nb1S4,Li2Mn2Ni1O6,0.058467608,0.546415967
443,Al1Li1S2,Li2Mn2Ni1O6,0.172148729,0.603256527
444,Li2S3Te1,Li2Mn2Ni1O6,0.335771595,0.685067961
445,F3La2Li1O8S2,Li2Mn2Ni1O6,0.070550398,0.552457362
446,B2Li2S5,Li2Mn2Ni1O6,0.007875714,0.513244306
447,Au1Li1O14S4,Li2Mn2Ni1O6,0.033172365,0.533768346
448,Cr1Li1S2,Li2Mn2Ni1O6,0.004015502,0.519189914
449,Er1Li1S2,Li2Mn2Ni1O6,0.220709134,0.62753673
450,F1Li1O3S1,Li2Mn2Ni1O6,0.145088126,0.589726226
451,Li1S2Ti1,Li2Mn2Ni1O6,0.002159017,0.516102655
452,Ho1Li1S2,Li2Mn2Ni1O6,0.14984978,0.592107053
453,Dy1Li1S2,Li2Mn2Ni1O6,0.126810226,0.580587276
454,Li1S2Y1,Li2Mn2Ni1O6,0.047012768,0.540688547
455,Cs2Li1S4V1,Li2Mn2Ni1O6,0.085965255,0.560164791
456,B1Li3S3,Li2Mn2Ni1O6,0.199688913,0.61702662
457,B1Cs1Li2S3,Li2Mn2Ni1O6,0.142784534,0.58857443
458,Li1Rb2S4V1,Li2Mn2Ni1O6,0.075852276,0.555108301
459,Li2S3U1,Li2Mn2Ni1O6,0.063380623,0.548872475
460,Cd1Ge1Li2S4,Li2Mn2Ni1O6,0.23467502,0.634519673
461,Cs1Li1O4S1,Li2Mn2Ni1O6,0.131136602,0.582750464
462,Li3P1S4,Li2Mn2Ni1O6,0.293107461,0.663735894
463,Li1Rb2S4Ta1,Li2Mn2Ni1O6,0.009348604,0.521856465
464,K1Li1S1,Li2Mn2Ni1O6,0.94531805,0.989841188
465,B3Ba1Li1S6,Li2Mn2Ni1O6,0.011581427,0.522972876
466,B1Ba1Li1S3,Li2Mn2Ni1O6,0.070571362,0.552467844
467,H1Li1O4S1,Li2Mn2Ni1O6,0.042965752,0.538665039
468,Eu1Ge1Li2S4,Li2Mn2Ni1O6,0.19185995,0.613112138
469,I1Li6P1S5,Li2Mn2Ni1O6,0.700971727,0.867668027
470,Li1P1S4Zn1,Li2Mn2Ni1O6,0.201734598,0.618049462
471,Li1Nb1Rb2S4,Li2Mn2Ni1O6,0.040403319,0.537383823
472,As1Li1S2,Li2Mn2Ni1O6,0.249347837,0.641856082
473,Li1Rb1S1,Li2Mn2Ni1O6,0.993671866,1.014018096
474,Li1O4Rb1S1,Li2Mn2Ni1O6,0.123756484,0.579060405
475,Ge1Li2Pb1S4,Li2Mn2Ni1O6,0.245181184,0.639772755
476,Au1Li3S2,Li2Mn2Ni1O6,0.771468727,0.902916527
477,F1Li1Ni1O4S1,Li2Mn2Ni1O6,0.083768938,0.559066632
478,As1Li3S3,Li2Mn2Ni1O6,0.417114041,0.725739184
479,Au1Li1S1,Li2Mn2Ni1O6,0.577815784,0.806090055
480,Li1Na1S1,Li2Mn2Ni1O6,0.816687111,0.925525719
481,F1Li1O4S1Zn1,Li2Mn2Ni1O6,0.143444862,0.588904594
482,H2Li2O5S1,Li2Mn2Ni1O6,0.110224656,0.572294491
483,As1Eu1Li1S3,Li2Mn2Ni1O6,0.19576847,0.615066398
484,H1Li1S1,Li2Mn2Ni1O6,0.533957616,0.784160971
485,Li1S6Ti3,Li2Mn2Ni1O6,0.024996528,0.504683899
486,Li9N1S3,Li2Mn2Ni1O6,0.598274651,0.816319489
487,K1Li1O4S1,Li2Mn2Ni1O6,0.107366174,0.57086525
488,Li1Mo1S2,Li2Mn2Ni1O6,0.080204977,0.477079675
489,F1Fe1Li1O4S1,Li2Mn2Ni1O6,0.05273647,0.543550398
490,Li7P3S11,Li2Mn2Ni1O6,0.254517761,0.644441044
491,Li1S2V1,Li2Mn2Ni1O6,0.034128684,0.500117821
492,Cs1H4Li1O5S1,Li2Mn2Ni1O6,0.321595344,0.677979835
493,Ga2Ge1Li2S6,Li2Mn2Ni1O6,0.189393497,0.611878912
494,Li1O5S2Ti2Y2,Li2Mn2Ni1O6,0.10270206,0.465831133
495,H4K1Li1N2O6S2,Li2Mn2Ni1O6,0.085076076,0.559720201
496,Cs1H4Li1N2O6S2,Li2Mn2Ni1O6,0.120336591,0.577350459
497,Li2O4S1,Li2Mn2Ni1O6,0.050000248,0.542182287
498,Li2S1,Li2Mn2Ni1O6,0.654318976,0.844341651
499,H5Li1N2O4S1,Li2Mn2Ni1O6,0.393239052,0.713801689
500,Li2O5S2Ti2Y2,Li2Mn2Ni1O6,0.089187503,0.472588411
501,C1F3Li1O3S1,Li2Mn2Ni1O6,0.068305134,0.55133473
502,Eu1Li1O8S2,Li2Mn2Ni1O6,0.033176567,0.50059388
503,Li1S1,Li2Mn2Ni1O6,1.075538334,1.05495133
504,Li1Nb1S2,Li1Mn1P1,0.237978504,0.530170266
505,Cs2Li1Nb1S4,Li1Mn1P1,0.073509747,0.612404645
506,Al1Li1S2,Li1Mn1P1,0.040171374,0.669245205
507,Li2S3Te1,Li1Mn1P1,0.20379424,0.751056638
508,F3La2Li1O8S2,Li1Mn1P1,0.061426957,0.61844604
509,B2Li2S5,Li1Mn1P1,0.139853069,0.579232984
510,Au1Li1O14S4,Li1Mn1P1,0.09880499,0.599757023
511,Cr1Li1S2,Li1Mn1P1,0.127961853,0.585178592
512,Er1Li1S2,Li1Mn1P1,0.088731779,0.693525408
513,F1Li1O3S1,Li1Mn1P1,0.013110771,0.655714904
514,Li1S2Ti1,Li1Mn1P1,0.134136372,0.582091332
515,Ho1Li1S2,Li1Mn1P1,0.017872425,0.658095731
516,Dy1Li1S2,Li1Mn1P1,0.005167129,0.646575954
517,Li1S2Y1,Li1Mn1P1,0.084964587,0.606677225
518,Cs2Li1S4V1,Li1Mn1P1,0.0460121,0.626153468
519,B1Li3S3,Li1Mn1P1,0.067711558,0.683015297
520,B1Cs1Li2S3,Li1Mn1P1,0.010807179,0.654563108
521,Li1Rb2S4V1,Li1Mn1P1,0.056125079,0.621096979
522,Li2S3U1,Li1Mn1P1,0.068596732,0.614861152
523,Cd1Ge1Li2S4,Li1Mn1P1,0.102697665,0.700508351
524,Cs1Li1O4S1,Li1Mn1P1,0.000840753,0.648739142
525,Li3P1S4,Li1Mn1P1,0.161130106,0.729724571
526,Li1Rb2S4Ta1,Li1Mn1P1,0.122628751,0.587845143
527,K1Li1S1,Li1Mn1P1,0.813340695,1.055829866
528,B3Ba1Li1S6,Li1Mn1P1,0.120395928,0.588961554
529,B1Ba1Li1S3,Li1Mn1P1,0.061405993,0.618456522
530,H1Li1O4S1,Li1Mn1P1,0.089011603,0.604653717
531,Eu1Ge1Li2S4,Li1Mn1P1,0.059882595,0.679100816
532,I1Li6P1S5,Li1Mn1P1,0.568994372,0.933656704
533,Li1P1S4Zn1,Li1Mn1P1,0.069757243,0.68403814
534,Li1Nb1Rb2S4,Li1Mn1P1,0.091574036,0.6033725
535,As1Li1S2,Li1Mn1P1,0.117370482,0.707844759
536,Li1Rb1S1,Li1Mn1P1,0.861694511,1.080006774
537,Li1O4Rb1S1,Li1Mn1P1,0.008220871,0.645049083
538,Ge1Li2Pb1S4,Li1Mn1P1,0.113203829,0.705761433
539,Au1Li3S2,Li1Mn1P1,0.639491372,0.968905204
540,F1Li1Ni1O4S1,Li1Mn1P1,0.048208417,0.62505531
541,As1Li3S3,Li1Mn1P1,0.285136686,0.791727861
542,Au1Li1S1,Li1Mn1P1,0.445838429,0.872078733
543,Li1Na1S1,Li1Mn1P1,0.684709756,0.991514396
544,F1Li1O4S1Zn1,Li1Mn1P1,0.011467507,0.654893272
545,H2Li2O5S1,Li1Mn1P1,0.021752699,0.638283169
546,As1Eu1Li1S3,Li1Mn1P1,0.063791115,0.681055076
547,H1Li1S1,Li1Mn1P1,0.401980261,0.850149649
548,Li1S6Ti3,Li1Mn1P1,0.156973883,0.570672577
549,Li9N1S3,Li1Mn1P1,0.466297296,0.882308166
550,K1Li1O4S1,Li1Mn1P1,0.024611181,0.636853928
551,Li1Mo1S2,Li1Mn1P1,0.212182332,0.543068352
552,F1Fe1Li1O4S1,Li1Mn1P1,0.079240885,0.609539076
553,Li7P3S11,Li1Mn1P1,0.122540406,0.710429721
554,Li1S2V1,Li1Mn1P1,0.166106039,0.566106499
555,Cs1H4Li1O5S1,Li1Mn1P1,0.189617989,0.743968513
556,Ga2Ge1Li2S6,Li1Mn1P1,0.057416142,0.677867589
557,Li1O5S2Ti2Y2,Li1Mn1P1,0.234679415,0.531819811
558,H4K1Li1N2O6S2,Li1Mn1P1,0.046901279,0.625708879
559,Cs1H4Li1N2O6S2,Li1Mn1P1,0.011640764,0.643339136
560,Li2O4S1,Li1Mn1P1,0.081977107,0.608170965
561,Li2S1,Li1Mn1P1,0.522341621,0.910330329
562,H5Li1N2O4S1,Li1Mn1P1,0.261261697,0.779790367
563,Li2O5S2Ti2Y2,Li1Mn1P1,0.221164858,0.538577089
564,C1F3Li1O3S1,Li1Mn1P1,0.063672221,0.617323408
565,Eu1Li1O8S2,Li1Mn1P1,0.165153922,0.566582557
566,Li1S1,Li1Mn1P1,0.943560979,1.120940008
567,Li1Nb1S2,Li1Mn1O4P1,0.075329857,0.448845943
568,Cs2Li1Nb1S4,Li1Mn1O4P1,0.0891389,0.531080321
569,Al1Li1S2,Li1Mn1O4P1,0.202820021,0.587920882
570,Li2S3Te1,Li1Mn1O4P1,0.366442887,0.669732315
571,F3La2Li1O8S2,Li1Mn1O4P1,0.10122169,0.537121716
572,B2Li2S5,Li1Mn1O4P1,0.022795578,0.49790866
573,Au1Li1O14S4,Li1Mn1O4P1,0.063843657,0.518432699
574,Cr1Li1S2,Li1Mn1O4P1,0.034686794,0.503854268
575,Er1Li1S2,Li1Mn1O4P1,0.251380426,0.612201084
576,F1Li1O3S1,Li1Mn1O4P1,0.175759418,0.57439058
577,Li1S2Ti1,Li1Mn1O4P1,0.028512275,0.500767009
578,Ho1Li1S2,Li1Mn1O4P1,0.180521072,0.576771407
579,Dy1Li1S2,Li1Mn1O4P1,0.157481518,0.56525163
580,Li1S2Y1,Li1Mn1O4P1,0.07768406,0.525352901
581,Cs2Li1S4V1,Li1Mn1O4P1,0.116636547,0.544829145
582,B1Li3S3,Li1Mn1O4P1,0.230360205,0.601690974
583,B1Cs1Li2S3,Li1Mn1O4P1,0.173455826,0.573238784
584,Li1Rb2S4V1,Li1Mn1O4P1,0.106523568,0.539772655
585,Li2S3U1,Li1Mn1O4P1,0.094051915,0.533536829
586,Cd1Ge1Li2S4,Li1Mn1O4P1,0.265346312,0.619184027
587,Cs1Li1O4S1,Li1Mn1O4P1,0.161807894,0.567414818
588,Li3P1S4,Li1Mn1O4P1,0.323778753,0.648400248
589,Li1Rb2S4Ta1,Li1Mn1O4P1,0.040019896,0.506520819
590,K1Li1S1,Li1Mn1O4P1,0.975989342,0.974505542
591,B3Ba1Li1S6,Li1Mn1O4P1,0.042252719,0.507637231
592,B1Ba1Li1S3,Li1Mn1O4P1,0.101242654,0.537132198
593,H1Li1O4S1,Li1Mn1O4P1,0.073637044,0.523329393
594,Eu1Ge1Li2S4,Li1Mn1O4P1,0.222531242,0.597776492
595,I1Li6P1S5,Li1Mn1O4P1,0.731643019,0.852332381
596,Li1P1S4Zn1,Li1Mn1O4P1,0.23240589,0.602713816
597,Li1Nb1Rb2S4,Li1Mn1O4P1,0.071074611,0.522048177
598,As1Li1S2,Li1Mn1O4P1,0.280019129,0.626520436
599,Li1Rb1S1,Li1Mn1O4P1,1.024343158,0.99868245
600,Li1O4Rb1S1,Li1Mn1O4P1,0.154427776,0.563724759
601,Ge1Li2Pb1S4,Li1Mn1O4P1,0.275852476,0.624437109
602,Au1Li3S2,Li1Mn1O4P1,0.802140019,0.887580881
603,F1Li1Ni1O4S1,Li1Mn1O4P1,0.11444023,0.543730986
604,As1Li3S3,Li1Mn1O4P1,0.447785333,0.710403538
605,Au1Li1S1,Li1Mn1O4P1,0.608487076,0.790754409
606,Li1Na1S1,Li1Mn1O4P1,0.847358403,0.910190073
607,F1Li1O4S1Zn1,Li1Mn1O4P1,0.174116154,0.573568948
608,H2Li2O5S1,Li1Mn1O4P1,0.140895948,0.556958845
609,As1Eu1Li1S3,Li1Mn1O4P1,0.226439762,0.599730752
610,H1Li1S1,Li1Mn1O4P1,0.564628908,0.768825325
611,Li1S6Ti3,Li1Mn1O4P1,0.005674764,0.489348253
612,Li9N1S3,Li1Mn1O4P1,0.628945943,0.800983843
613,K1Li1O4S1,Li1Mn1O4P1,0.138037466,0.555529604
614,Li1Mo1S2,Li1Mn1O4P1,0.049533685,0.461744029
615,F1Fe1Li1O4S1,Li1Mn1O4P1,0.083407762,0.528214752
616,Li7P3S11,Li1Mn1O4P1,0.285189053,0.629105398
617,Li1S2V1,Li1Mn1O4P1,0.003457392,0.484782175
618,Cs1H4Li1O5S1,Li1Mn1O4P1,0.352266636,0.662644189
619,Ga2Ge1Li2S6,Li1Mn1O4P1,0.220064789,0.596543266
620,Li1O5S2Ti2Y2,Li1Mn1O4P1,0.072030768,0.450495487
621,H4K1Li1N2O6S2,Li1Mn1O4P1,0.115747368,0.544384555
622,Cs1H4Li1N2O6S2,Li1Mn1O4P1,0.151007883,0.562014813
623,Li2O4S1,Li1Mn1O4P1,0.08067154,0.526846641
624,Li2S1,Li1Mn1O4P1,0.684990268,0.829006005
625,H5Li1N2O4S1,Li1Mn1O4P1,0.423910344,0.698466043
626,Li2O5S2Ti2Y2,Li1Mn1O4P1,0.058516211,0.457252766
627,C1F3Li1O3S1,Li1Mn1O4P1,0.098976426,0.535999084
628,Eu1Li1O8S2,Li1Mn1O4P1,0.002505275,0.485258233
629,Li1S1,Li1Mn1O4P1,1.106209626,1.039615684
630,Li1Nb1S2,Li1Mn1O4,0.102489965,0.462425997
631,Cs2Li1Nb1S4,Li1Mn1O4,0.061978792,0.544660375
632,Al1Li1S2,Li1Mn1O4,0.175659913,0.601500936
633,Li2S3Te1,Li1Mn1O4,0.339282779,0.683312369
634,F3La2Li1O8S2,Li1Mn1O4,0.074061582,0.55070177
635,B2Li2S5,Li1Mn1O4,0.00436453,0.511488714
636,Au1Li1O14S4,Li1Mn1O4,0.036683549,0.532012754
637,Cr1Li1S2,Li1Mn1O4,0.007526686,0.517434322
638,Er1Li1S2,Li1Mn1O4,0.224220318,0.625781138
639,F1Li1O3S1,Li1Mn1O4,0.14859931,0.587970634
640,Li1S2Ti1,Li1Mn1O4,0.001352167,0.514347063
641,Ho1Li1S2,Li1Mn1O4,0.153360964,0.590351461
642,Dy1Li1S2,Li1Mn1O4,0.13032141,0.578831684
643,Li1S2Y1,Li1Mn1O4,0.050523952,0.538932955
644,Cs2Li1S4V1,Li1Mn1O4,0.089476439,0.558409199
645,B1Li3S3,Li1Mn1O4,0.203200097,0.615271028
646,B1Cs1Li2S3,Li1Mn1O4,0.146295718,0.586818838
647,Li1Rb2S4V1,Li1Mn1O4,0.07936346,0.553352709
648,Li2S3U1,Li1Mn1O4,0.066891807,0.547116883
649,Cd1Ge1Li2S4,Li1Mn1O4,0.238186204,0.632764081
650,Cs1Li1O4S1,Li1Mn1O4,0.134647786,0.580994872
651,Li3P1S4,Li1Mn1O4,0.296618645,0.661980302
652,Li1Rb2S4Ta1,Li1Mn1O4,0.012859788,0.520100873
653,K1Li1S1,Li1Mn1O4,0.948829234,0.988085596
654,B3Ba1Li1S6,Li1Mn1O4,0.015092611,0.521217285
655,B1Ba1Li1S3,Li1Mn1O4,0.074082546,0.550712252
656,H1Li1O4S1,Li1Mn1O4,0.046476936,0.536909447
657,Eu1Ge1Li2S4,Li1Mn1O4,0.195371134,0.611356546
658,I1Li6P1S5,Li1Mn1O4,0.704482911,0.865912435
659,Li1P1S4Zn1,Li1Mn1O4,0.205245782,0.61629387
660,Li1Nb1Rb2S4,Li1Mn1O4,0.043914503,0.535628231
661,As1Li1S2,Li1Mn1O4,0.252859021,0.64010049
662,Li1Rb1S1,Li1Mn1O4,0.99718305,1.012262504
663,Li1O4Rb1S1,Li1Mn1O4,0.127267668,0.577304813
664,Ge1Li2Pb1S4,Li1Mn1O4,0.248692368,0.638017163
665,Au1Li3S2,Li1Mn1O4,0.774979911,0.901160935
666,F1Li1Ni1O4S1,Li1Mn1O4,0.087280122,0.55731104
667,As1Li3S3,Li1Mn1O4,0.420625225,0.723983592
668,Au1Li1S1,Li1Mn1O4,0.581326968,0.804334463
669,Li1Na1S1,Li1Mn1O4,0.820198295,0.923770127
670,F1Li1O4S1Zn1,Li1Mn1O4,0.146956046,0.587149002
671,H2Li2O5S1,Li1Mn1O4,0.11373584,0.570538899
672,As1Eu1Li1S3,Li1Mn1O4,0.199279654,0.613310806
673,H1Li1S1,Li1Mn1O4,0.5374688,0.782405379
674,Li1S6Ti3,Li1Mn1O4,0.021485344,0.502928307
675,Li9N1S3,Li1Mn1O4,0.601785835,0.814563897
676,K1Li1O4S1,Li1Mn1O4,0.110877358,0.569109658
677,Li1Mo1S2,Li1Mn1O4,0.076693793,0.475324083
678,F1Fe1Li1O4S1,Li1Mn1O4,0.056247654,0.541794806
679,Li7P3S11,Li1Mn1O4,0.258028945,0.642685452
680,Li1S2V1,Li1Mn1O4,0.0306175,0.498362229
681,Cs1H4Li1O5S1,Li1Mn1O4,0.325106528,0.676224243
682,Ga2Ge1Li2S6,Li1Mn1O4,0.192904681,0.61012332
683,Li1O5S2Ti2Y2,Li1Mn1O4,0.099190876,0.464075541
684,H4K1Li1N2O6S2,Li1Mn1O4,0.08858726,0.557964609
685,Cs1H4Li1N2O6S2,Li1Mn1O4,0.123847775,0.575594867
686,Li2O4S1,Li1Mn1O4,0.053511432,0.540426695
687,Li2S1,Li1Mn1O4,0.65783016,0.842586059
688,H5Li1N2O4S1,Li1Mn1O4,0.396750236,0.712046097
689,Li2O5S2Ti2Y2,Li1Mn1O4,0.085676319,0.47083282
690,C1F3Li1O3S1,Li1Mn1O4,0.071816318,0.549579138
691,Eu1Li1O8S2,Li1Mn1O4,0.029665383,0.498838288
692,Li1S1,Li1Mn1O4,1.079049518,1.053195738
693,Li1Nb1S2,Li2Mn1O4Si1,0.095806517,0.459084273
694,Cs2Li1Nb1S4,Li2Mn1O4Si1,0.06866224,0.541318651
695,Al1Li1S2,Li2Mn1O4Si1,0.182343361,0.598159212
696,Li2S3Te1,Li2Mn1O4Si1,0.345966227,0.679970645
697,F3La2Li1O8S2,Li2Mn1O4Si1,0.08074503,0.547360046
698,B2Li2S5,Li2Mn1O4Si1,0.002318918,0.50814699
699,Au1Li1O14S4,Li2Mn1O4Si1,0.043366997,0.52867103
700,Cr1Li1S2,Li2Mn1O4Si1,0.014210134,0.514092598
701,Er1Li1S2,Li2Mn1O4Si1,0.230903766,0.622439414
702,F1Li1O3S1,Li2Mn1O4Si1,0.155282758,0.58462891
703,Li1S2Ti1,Li2Mn1O4Si1,0.008035615,0.511005339
704,Ho1Li1S2,Li2Mn1O4Si1,0.160044412,0.587009737
705,Dy1Li1S2,Li2Mn1O4Si1,0.137004858,0.57548996
706,Li1S2Y1,Li2Mn1O4Si1,0.0572074,0.535591231
707,Cs2Li1S4V1,Li2Mn1O4Si1,0.096159887,0.555067475
708,B1Li3S3,Li2Mn1O4Si1,0.209883545,0.611929304
709,B1Cs1Li2S3,Li2Mn1O4Si1,0.152979166,0.583477114
710,Li1Rb2S4V1,Li2Mn1O4Si1,0.086046908,0.550010985
711,Li2S3U1,Li2Mn1O4Si1,0.073575255,0.543775159
712,Cd1Ge1Li2S4,Li2Mn1O4Si1,0.244869652,0.629422357
713,Cs1Li1O4S1,Li2Mn1O4Si1,0.141331234,0.577653148
714,Li3P1S4,Li2Mn1O4Si1,0.303302093,0.658638578
715,Li1Rb2S4Ta1,Li2Mn1O4Si1,0.019543236,0.516759149
716,K1Li1S1,Li2Mn1O4Si1,0.955512682,0.984743872
717,B3Ba1Li1S6,Li2Mn1O4Si1,0.021776059,0.517875561
718,B1Ba1Li1S3,Li2Mn1O4Si1,0.080765994,0.547370528
719,H1Li1O4S1,Li2Mn1O4Si1,0.053160384,0.533567723
720,Eu1Ge1Li2S4,Li2Mn1O4Si1,0.202054582,0.608014822
721,I1Li6P1S5,Li2Mn1O4Si1,0.711166359,0.862570711
722,Li1P1S4Zn1,Li2Mn1O4Si1,0.21192923,0.612952146
723,Li1Nb1Rb2S4,Li2Mn1O4Si1,0.050597951,0.532286507
724,As1Li1S2,Li2Mn1O4Si1,0.259542469,0.636758766
725,Li1Rb1S1,Li2Mn1O4Si1,1.003866498,1.00892078
726,Li1O4Rb1S1,Li2Mn1O4Si1,0.133951116,0.573963089
727,Ge1Li2Pb1S4,Li2Mn1O4Si1,0.255375816,0.634675439
728,Au1Li3S2,Li2Mn1O4Si1,0.781663359,0.897819211
729,F1Li1Ni1O4S1,Li2Mn1O4Si1,0.09396357,0.553969316
730,As1Li3S3,Li2Mn1O4Si1,0.427308673,0.720641868
731,Au1Li1S1,Li2Mn1O4Si1,0.588010416,0.800992739
732,Li1Na1S1,Li2Mn1O4Si1,0.826881743,0.920428403
733,F1Li1O4S1Zn1,Li2Mn1O4Si1,0.153639494,0.583807278
734,H2Li2O5S1,Li2Mn1O4Si1,0.120419288,0.567197175
735,As1Eu1Li1S3,Li2Mn1O4Si1,0.205963102,0.609969082
736,H1Li1S1,Li2Mn1O4Si1,0.544152248,0.779063655
737,Li1S6Ti3,Li2Mn1O4Si1,0.014801896,0.499586583
738,Li9N1S3,Li2Mn1O4Si1,0.608469283,0.811222173
739,K1Li1O4S1,Li2Mn1O4Si1,0.117560806,0.565767934
740,Li1Mo1S2,Li2Mn1O4Si1,0.070010345,0.471982359
741,F1Fe1Li1O4S1,Li2Mn1O4Si1,0.062931102,0.538453082
742,Li7P3S11,Li2Mn1O4Si1,0.264712393,0.639343728
743,Li1S2V1,Li2Mn1O4Si1,0.023934052,0.495020505
744,Cs1H4Li1O5S1,Li2Mn1O4Si1,0.331789976,0.672882519
745,Ga2Ge1Li2S6,Li2Mn1O4Si1,0.199588129,0.606781596
746,Li1O5S2Ti2Y2,Li2Mn1O4Si1,0.092507428,0.460733817
747,H4K1Li1N2O6S2,Li2Mn1O4Si1,0.095270708,0.554622885
748,Cs1H4Li1N2O6S2,Li2Mn1O4Si1,0.130531223,0.572253143
749,Li2O4S1,Li2Mn1O4Si1,0.06019488,0.537084971
750,Li2S1,Li2Mn1O4Si1,0.664513608,0.839244335
751,H5Li1N2O4S1,Li2Mn1O4Si1,0.403433684,0.708704373
752,Li2O5S2Ti2Y2,Li2Mn1O4Si1,0.078992871,0.467491096
753,C1F3Li1O3S1,Li2Mn1O4Si1,0.078499766,0.546237414
754,Eu1Li1O8S2,Li2Mn1O4Si1,0.022981935,0.495496564
755,Li1S1,Li2Mn1O4Si1,1.085732966,1.049854014
